TechName,Comm-IN,Comm-OUT,CUM,COST,COST~2020,COST~2025,COST~2030,COST~2035,COST~2040,COST~2050,COST~2060,ACT_BND
*Technology Name,Input Commodity,Output Commodity,Reserves Cumulative Value,Cost,Cost,Cost,Cost,Cost,Cost,Cost,Cost,Annual Production Bound
*Units,,,PJ,Milion NZD (2015)/PJ,,,,,,,,PJ
MINCOA1,,COA,,6.98,6.98,6.6,6.4,6.5,6.28,6.28,6.28,25.15551927
MINCOL1,,COL,,6.98,6.98,6.6,6.4,6.5,6.28,6.28,6.28,0
IMPCOA1,,COA,,6.98,6.98,6.6,6.4,6.5,6.28,6.28,6.28,14.2292261160215
IMPCOL1,,COL,,6.98,6.98,6.6,6.4,6.5,6.28,6.28,6.28,0
EXPCOA1,COA,,,3.2,3.2,3.02578796561605,2.93409742120344,2.97994269340974,2.87908309455587,2.87908309455587,2.87908309455587,0
EXPCOL1,COL,,,3,3,2.83667621776504,2.75071633237822,2.79369627507163,2.69914040114613,2.69914040114613,2.69914040114613,0
