TimeSlice,YRFR
FAL-,0.252054795
SPR-,0.249315068
SUM-,0.246575342
WIN-,0.252054795
