CommName,2018
T_P_Car,9.32063908888756
T_C_Car,2.64901823516507
T_P_Mcy,0.115666189304028
T_P_Bus,0.100874307681245
T_F_MTrk,0.250012005053299
T_F_HTrk,0.203
T_F_VHTrk,0.455
T_F_DSHIP,2.4027775754843
T_F_ISHIP,2.89639235683006
T_O_JET,5.51875709180864
T_O_JET_Int,11.4290257988439
T_F_Rail,0.424373609798393
T_P_Rail,0.0144979487179487
